country,alpha_2_code,alpha_3_code,numeric_code,indicator,time_period,obs_value,sex,unit_multiplier,unit_of_measure,observation_status,observation_confidentaility,time_period_activity_related_to_when_the_data_are_collected,current_age
Albania,AL,ALB,8,Out-of-school rate for children one year younger than official entry age (administrative data),2018,1.84519,Female,,%,,,,Total
Albania,AL,ALB,8,Out-of-school rate for children one year younger than official entry age (administrative data),2018,3.89694,Male,,%,,,,Total
Albania,AL,ALB,8,Out-of-school rate for children one year younger than official entry age (administrative data),2018,2.9268,Total,,%,,,,Total
Angola,AO,AGO,24,Out-of-school rate for children one year younger than official entry age (administrative data),2016,38.51503,Female,,%,,,,Total
Angola,AO,AGO,24,Out-of-school rate for children one year younger than official entry age (administrative data),2016,31.18104,Male,,%,,,,Total
Angola,AO,AGO,24,Out-of-school rate for children one year younger than official entry age (administrative data),2016,34.84101,Total,,%,,,,Total
Anguilla,AI,AIA,660,Out-of-school rate for children one year younger than official entry age (administrative data),2019,0,Female,,%,,,,Total
Anguilla,AI,AIA,660,Out-of-school rate for children one year younger than official entry age (administrative data),2019,14.23267,Male,,%,,,,Total
Anguilla,AI,AIA,660,Out-of-school rate for children one year younger than official entry age (administrative data),2019,7.1875,Total,,%,,,,Total
Antigua and Barbuda,AG,ATG,28,Out-of-school rate for children one year younger than official entry age (administrative data),2018,4.21941,Female,,%,,,,Total
Antigua and Barbuda,AG,ATG,28,Out-of-school rate for children one year younger than official entry age (administrative data),2018,13.50614,Male,,%,,,,Total
Antigua and Barbuda,AG,ATG,28,Out-of-school rate for children one year younger than official entry age (administrative data),2018,8.93352,Total,,%,,,,Total
Argentina,AR,ARG,32,Out-of-school rate for children one year younger than official entry age (administrative data),2019,0.2938,Female,,%,,,,Total
Argentina,AR,ARG,32,Out-of-school rate for children one year younger than official entry age (administrative data),2019,1.14155,Male,,%,,,,Total
Argentina,AR,ARG,32,Out-of-school rate for children one year younger than official entry age (administrative data),2019,0.72551,Total,,%,,,,Total
Armenia,AM,ARM,51,Out-of-school rate for children one year younger than official entry age (administrative data),2020,37.94826,Female,,%,,,,Total
Armenia,AM,ARM,51,Out-of-school rate for children one year younger than official entry age (administrative data),2020,36.26114,Male,,%,,,,Total
Armenia,AM,ARM,51,Out-of-school rate for children one year younger than official entry age (administrative data),2020,37.0525,Total,,%,,,,Total
Australia,AU,AUS,36,Out-of-school rate for children one year younger than official entry age (administrative data),2020,18.16288,Female,,%,,,,Total
Australia,AU,AUS,36,Out-of-school rate for children one year younger than official entry age (administrative data),2020,17.75643,Male,,%,,,,Total
Australia,AU,AUS,36,Out-of-school rate for children one year younger than official entry age (administrative data),2020,17.95428,Total,,%,,,,Total
Austria,AT,AUT,40,Out-of-school rate for children one year younger than official entry age (administrative data),2019,0.78944,Female,,%,,,,Total
Austria,AT,AUT,40,Out-of-school rate for children one year younger than official entry age (administrative data),2019,2.13312,Male,,%,,,,Total
Austria,AT,AUT,40,Out-of-school rate for children one year younger than official entry age (administrative data),2019,1.48284,Total,,%,,,,Total
Azerbaijan,AZ,AZE,31,Out-of-school rate for children one year younger than official entry age (administrative data),2020,17.3183,Female,,%,,,,Total
Azerbaijan,AZ,AZE,31,Out-of-school rate for children one year younger than official entry age (administrative data),2020,16.28059,Male,,%,,,,Total
Azerbaijan,AZ,AZE,31,Out-of-school rate for children one year younger than official entry age (administrative data),2020,16.76294,Total,,%,,,,Total
Bahamas,BS,BHS,44,Out-of-school rate for children one year younger than official entry age (administrative data),2018,60.39261,Female,,%,,,,Total
Bahamas,BS,BHS,44,Out-of-school rate for children one year younger than official entry age (administrative data),2018,64.39007,Male,,%,,,,Total
Bahamas,BS,BHS,44,Out-of-school rate for children one year younger than official entry age (administrative data),2018,62.44378,Total,,%,,,,Total
Bahrain,BH,BHR,48,Out-of-school rate for children one year younger than official entry age (administrative data),2019,28.21404,Female,,%,,,,Total
Bahrain,BH,BHR,48,Out-of-school rate for children one year younger than official entry age (administrative data),2019,31.47809,Male,,%,,,,Total
Bahrain,BH,BHR,48,Out-of-school rate for children one year younger than official entry age (administrative data),2019,29.93038,Total,,%,,,,Total
Barbados,BB,BRB,52,Out-of-school rate for children one year younger than official entry age (administrative data),2020,12.04654,Female,,%,,,,Total
Barbados,BB,BRB,52,Out-of-school rate for children one year younger than official entry age (administrative data),2020,12.8628,Male,,%,,,,Total
Barbados,BB,BRB,52,Out-of-school rate for children one year younger than official entry age (administrative data),2020,12.46221,Total,,%,,,,Total
Belarus,BY,BLR,112,Out-of-school rate for children one year younger than official entry age (administrative data),2020,3.55388,Female,,%,,,,Total
Belarus,BY,BLR,112,Out-of-school rate for children one year younger than official entry age (administrative data),2020,0.42219,Male,,%,,,,Total
Belarus,BY,BLR,112,Out-of-school rate for children one year younger than official entry age (administrative data),2020,1.94003,Total,,%,,,,Total
Belgium,BE,BEL,56,Out-of-school rate for children one year younger than official entry age (administrative data),2019,3.24981,Female,,%,,,,Total
Belgium,BE,BEL,56,Out-of-school rate for children one year younger than official entry age (administrative data),2019,4.26813,Male,,%,,,,Total
Belgium,BE,BEL,56,Out-of-school rate for children one year younger than official entry age (administrative data),2019,3.77386,Total,,%,,,,Total
Belize,BZ,BLZ,84,Out-of-school rate for children one year younger than official entry age (administrative data),2020,16.13648,Female,,%,,,,Total
Belize,BZ,BLZ,84,Out-of-school rate for children one year younger than official entry age (administrative data),2020,14.99118,Male,,%,,,,Total
Belize,BZ,BLZ,84,Out-of-school rate for children one year younger than official entry age (administrative data),2020,15.55866,Total,,%,,,,Total
Benin,BJ,BEN,204,Out-of-school rate for children one year younger than official entry age (administrative data),2018,15.56789,Female,,%,,,,Total
Benin,BJ,BEN,204,Out-of-school rate for children one year younger than official entry age (administrative data),2018,14.84127,Male,,%,,,,Total
Benin,BJ,BEN,204,Out-of-school rate for children one year younger than official entry age (administrative data),2018,15.1992,Total,,%,,,,Total
Bhutan,BT,BTN,64,Out-of-school rate for children one year younger than official entry age (administrative data),2020,58.74439,Female,,%,,,,Total
Bhutan,BT,BTN,64,Out-of-school rate for children one year younger than official entry age (administrative data),2020,58.4645,Male,,%,,,,Total
Bhutan,BT,BTN,64,Out-of-school rate for children one year younger than official entry age (administrative data),2020,58.60211,Total,,%,,,,Total
"Bolivia, Plurinational State of",BO,BOL,68,Out-of-school rate for children one year younger than official entry age (administrative data),2020,6.81934,Female,,%,,,,Total
"Bolivia, Plurinational State of",BO,BOL,68,Out-of-school rate for children one year younger than official entry age (administrative data),2020,7.0971,Male,,%,,,,Total
"Bolivia, Plurinational State of",BO,BOL,68,Out-of-school rate for children one year younger than official entry age (administrative data),2020,6.96126,Total,,%,,,,Total
Bosnia and Herzegovina,BA,BIH,70,Out-of-school rate for children one year younger than official entry age (administrative data),2020,71.40879,Female,,%,,,,Total
Bosnia and Herzegovina,BA,BIH,70,Out-of-school rate for children one year younger than official entry age (administrative data),2020,69.9388,Male,,%,,,,Total
Bosnia and Herzegovina,BA,BIH,70,Out-of-school rate for children one year younger than official entry age (administrative data),2020,70.65388,Total,,%,,,,Total
Botswana,BW,BWA,72,Out-of-school rate for children one year younger than official entry age (administrative data),2015,78.45886,Female,,%,,,,Total
Botswana,BW,BWA,72,Out-of-school rate for children one year younger than official entry age (administrative data),2015,78.88278,Male,,%,,,,Total
Botswana,BW,BWA,72,Out-of-school rate for children one year younger than official entry age (administrative data),2015,78.67322,Total,,%,,,,Total
Brazil,BR,BRA,76,Out-of-school rate for children one year younger than official entry age (administrative data),2019,1.19833,Female,,%,,,,Total
Brazil,BR,BRA,76,Out-of-school rate for children one year younger than official entry age (administrative data),2019,0,Male,,%,,,,Total
Brazil,BR,BRA,76,Out-of-school rate for children one year younger than official entry age (administrative data),2019,0.58959,Total,,%,,,,Total
"Virgin Islands, British",VG,VGB,92,Out-of-school rate for children one year younger than official entry age (administrative data),2020,0,Female,,%,,,,Total
"Virgin Islands, British",VG,VGB,92,Out-of-school rate for children one year younger than official entry age (administrative data),2020,5.63777,Male,,%,,,,Total
"Virgin Islands, British",VG,VGB,92,Out-of-school rate for children one year younger than official entry age (administrative data),2020,2.8404,Total,,%,,,,Total
Brunei,BN,BRN,96,Out-of-school rate for children one year younger than official entry age (administrative data),2020,5.92701,Female,,%,,,,Total
Brunei,BN,BRN,96,Out-of-school rate for children one year younger than official entry age (administrative data),2020,5.42317,Male,,%,,,,Total
Brunei,BN,BRN,96,Out-of-school rate for children one year younger than official entry age (administrative data),2020,5.66704,Total,,%,,,,Total
Bulgaria,BG,BGR,100,Out-of-school rate for children one year younger than official entry age (administrative data),2019,17.48097,Female,,%,,,,Total
Bulgaria,BG,BGR,100,Out-of-school rate for children one year younger than official entry age (administrative data),2019,16.24402,Male,,%,,,,Total
Bulgaria,BG,BGR,100,Out-of-school rate for children one year younger than official entry age (administrative data),2019,16.84561,Total,,%,,,,Total
Burkina Faso,BF,BFA,854,Out-of-school rate for children one year younger than official entry age (administrative data),2020,79.34233,Female,,%,,,,Total
Burkina Faso,BF,BFA,854,Out-of-school rate for children one year younger than official entry age (administrative data),2020,79.26492,Male,,%,,,,Total
Burkina Faso,BF,BFA,854,Out-of-school rate for children one year younger than official entry age (administrative data),2020,79.30295,Total,,%,,,,Total
Burundi,BI,BDI,108,Out-of-school rate for children one year younger than official entry age (administrative data),2021,50.34675,Female,,%,,,,Total
Burundi,BI,BDI,108,Out-of-school rate for children one year younger than official entry age (administrative data),2021,51.57516,Male,,%,,,,Total
Burundi,BI,BDI,108,Out-of-school rate for children one year younger than official entry age (administrative data),2021,50.96598,Total,,%,,,,Total
Cape Verde,CV,CPV,132,Out-of-school rate for children one year younger than official entry age (administrative data),2019,18.45714,Female,,%,,,,Total
Cape Verde,CV,CPV,132,Out-of-school rate for children one year younger than official entry age (administrative data),2019,19.13478,Male,,%,,,,Total
Cape Verde,CV,CPV,132,Out-of-school rate for children one year younger than official entry age (administrative data),2019,18.80101,Total,,%,,,,Total
Cambodia,KH,KHM,116,Out-of-school rate for children one year younger than official entry age (administrative data),2020,29.40767,Female,,%,,,,Total
Cambodia,KH,KHM,116,Out-of-school rate for children one year younger than official entry age (administrative data),2020,29.64364,Male,,%,,,,Total
Cambodia,KH,KHM,116,Out-of-school rate for children one year younger than official entry age (administrative data),2020,29.52776,Total,,%,,,,Total
Cameroon,CM,CMR,120,Out-of-school rate for children one year younger than official entry age (administrative data),2019,56.54321,Female,,%,,,,Total
Cameroon,CM,CMR,120,Out-of-school rate for children one year younger than official entry age (administrative data),2019,55.66812,Male,,%,,,,Total
Cameroon,CM,CMR,120,Out-of-school rate for children one year younger than official entry age (administrative data),2019,56.10159,Total,,%,,,,Total
Canada,CA,CAN,124,Out-of-school rate for children one year younger than official entry age (administrative data),2019,1.81214,Female,,%,,,,Total
Canada,CA,CAN,124,Out-of-school rate for children one year younger than official entry age (administrative data),2019,1.68152,Male,,%,,,,Total
Canada,CA,CAN,124,Out-of-school rate for children one year younger than official entry age (administrative data),2019,1.74533,Total,,%,,,,Total
Chad,TD,TCD,148,Out-of-school rate for children one year younger than official entry age (administrative data),2019,87.16117,Female,,%,,,,Total
Chad,TD,TCD,148,Out-of-school rate for children one year younger than official entry age (administrative data),2019,85.03692,Male,,%,,,,Total
Chad,TD,TCD,148,Out-of-school rate for children one year younger than official entry age (administrative data),2019,86.09448,Total,,%,,,,Total
Chile,CL,CHL,152,Out-of-school rate for children one year younger than official entry age (administrative data),2019,5.25209,Female,,%,,,,Total
Chile,CL,CHL,152,Out-of-school rate for children one year younger than official entry age (administrative data),2019,4.22111,Male,,%,,,,Total
Chile,CL,CHL,152,Out-of-school rate for children one year younger than official entry age (administrative data),2019,4.72743,Total,,%,,,,Total
Colombia,CO,COL,170,Out-of-school rate for children one year younger than official entry age (administrative data),2020,0,Female,,%,,,,Total
Colombia,CO,COL,170,Out-of-school rate for children one year younger than official entry age (administrative data),2020,1.3584,Male,,%,,,,Total
Colombia,CO,COL,170,Out-of-school rate for children one year younger than official entry age (administrative data),2020,0.69482,Total,,%,,,,Total
Comoros,KM,COM,174,Out-of-school rate for children one year younger than official entry age (administrative data),2018,69.57303,Female,,%,,,,Total
Comoros,KM,COM,174,Out-of-school rate for children one year younger than official entry age (administrative data),2018,70.60659,Male,,%,,,,Total
Comoros,KM,COM,174,Out-of-school rate for children one year younger than official entry age (administrative data),2018,70.09927,Total,,%,,,,Total
Congo,CG,COG,178,Out-of-school rate for children one year younger than official entry age (administrative data),2018,69.61085,Female,,%,,,,Total
Congo,CG,COG,178,Out-of-school rate for children one year younger than official entry age (administrative data),2018,71.45828,Male,,%,,,,Total
Congo,CG,COG,178,Out-of-school rate for children one year younger than official entry age (administrative data),2018,70.54299,Total,,%,,,,Total
Cook Islands,CK,COK,184,Out-of-school rate for children one year younger than official entry age (administrative data),2020,0,Female,,%,,,,Total
Cook Islands,CK,COK,184,Out-of-school rate for children one year younger than official entry age (administrative data),2020,14.10628,Male,,%,,,,Total
Cook Islands,CK,COK,184,Out-of-school rate for children one year younger than official entry age (administrative data),2020,7.2685,Total,,%,,,,Total
Costa Rica,CR,CRI,188,Out-of-school rate for children one year younger than official entry age (administrative data),2020,1.46182,Female,,%,,,,Total
Costa Rica,CR,CRI,188,Out-of-school rate for children one year younger than official entry age (administrative data),2020,1.53728,Male,,%,,,,Total
Costa Rica,CR,CRI,188,Out-of-school rate for children one year younger than official entry age (administrative data),2020,1.50043,Total,,%,,,,Total
Croatia,HR,HRV,191,Out-of-school rate for children one year younger than official entry age (administrative data),2019,4.66116,Female,,%,,,,Total
Croatia,HR,HRV,191,Out-of-school rate for children one year younger than official entry age (administrative data),2019,3.54884,Male,,%,,,,Total
Croatia,HR,HRV,191,Out-of-school rate for children one year younger than official entry age (administrative data),2019,4.08809,Total,,%,,,,Total
Cuba,CU,CUB,192,Out-of-school rate for children one year younger than official entry age (administrative data),2020,2.88278,Female,,%,,,,Total
Cuba,CU,CUB,192,Out-of-school rate for children one year younger than official entry age (administrative data),2020,5.97807,Male,,%,,,,Total
Cuba,CU,CUB,192,Out-of-school rate for children one year younger than official entry age (administrative data),2020,4.47259,Total,,%,,,,Total
Cyprus,CY,CYP,196,Out-of-school rate for children one year younger than official entry age (administrative data),2019,3.24405,Female,,%,,,,Total
Cyprus,CY,CYP,196,Out-of-school rate for children one year younger than official entry age (administrative data),2019,0,Male,,%,,,,Total
Cyprus,CY,CYP,196,Out-of-school rate for children one year younger than official entry age (administrative data),2019,1.61615,Total,,%,,,,Total
Czech Republic,CZ,CZE,203,Out-of-school rate for children one year younger than official entry age (administrative data),2019,7.51218,Female,,%,,,,Total
Czech Republic,CZ,CZE,203,Out-of-school rate for children one year younger than official entry age (administrative data),2019,7.29232,Male,,%,,,,Total
Czech Republic,CZ,CZE,203,Out-of-school rate for children one year younger than official entry age (administrative data),2019,7.39923,Total,,%,,,,Total
Ivory Coast,CI,CIV,384,Out-of-school rate for children one year younger than official entry age (administrative data),2020,72.45358,Female,,%,,,,Total
Ivory Coast,CI,CIV,384,Out-of-school rate for children one year younger than official entry age (administrative data),2020,78.16649,Male,,%,,,,Total
Ivory Coast,CI,CIV,384,Out-of-school rate for children one year younger than official entry age (administrative data),2020,75.32497,Total,,%,,,,Total
Denmark,DK,DNK,208,Out-of-school rate for children one year younger than official entry age (administrative data),2019,2.8982,Female,,%,,,,Total
Denmark,DK,DNK,208,Out-of-school rate for children one year younger than official entry age (administrative data),2019,3.98429,Male,,%,,,,Total
Denmark,DK,DNK,208,Out-of-school rate for children one year younger than official entry age (administrative data),2019,3.45581,Total,,%,,,,Total
Djibouti,DJ,DJI,262,Out-of-school rate for children one year younger than official entry age (administrative data),2021,86.53113,Female,,%,,,,Total
Djibouti,DJ,DJI,262,Out-of-school rate for children one year younger than official entry age (administrative data),2021,83.70489,Male,,%,,,,Total
Djibouti,DJ,DJI,262,Out-of-school rate for children one year younger than official entry age (administrative data),2021,85.13393,Total,,%,,,,Total
Dominica,DM,DMA,212,Out-of-school rate for children one year younger than official entry age (administrative data),2020,0,Female,,%,,,,Total
Dominica,DM,DMA,212,Out-of-school rate for children one year younger than official entry age (administrative data),2020,7.47253,Male,,%,,,,Total
Dominica,DM,DMA,212,Out-of-school rate for children one year younger than official entry age (administrative data),2020,3.80594,Total,,%,,,,Total
Dominican Republic,DO,DOM,214,Out-of-school rate for children one year younger than official entry age (administrative data),2020,1.22583,Female,,%,,,,Total
Dominican Republic,DO,DOM,214,Out-of-school rate for children one year younger than official entry age (administrative data),2020,1.61479,Male,,%,,,,Total
Dominican Republic,DO,DOM,214,Out-of-school rate for children one year younger than official entry age (administrative data),2020,1.42397,Total,,%,,,,Total
Ecuador,EC,ECU,218,Out-of-school rate for children one year younger than official entry age (administrative data),2020,14.83777,Female,,%,,,,Total
Ecuador,EC,ECU,218,Out-of-school rate for children one year younger than official entry age (administrative data),2020,17.67675,Male,,%,,,,Total
Ecuador,EC,ECU,218,Out-of-school rate for children one year younger than official entry age (administrative data),2020,16.28849,Total,,%,,,,Total
Egypt,EG,EGY,818,Out-of-school rate for children one year younger than official entry age (administrative data),2019,63.21682,Female,,%,,,,Total
Egypt,EG,EGY,818,Out-of-school rate for children one year younger than official entry age (administrative data),2019,63.33938,Male,,%,,,,Total
Egypt,EG,EGY,818,Out-of-school rate for children one year younger than official entry age (administrative data),2019,63.27999,Total,,%,,,,Total
El Salvador,SV,SLV,222,Out-of-school rate for children one year younger than official entry age (administrative data),2014,12.45968,Female,,%,,,,Total
El Salvador,SV,SLV,222,Out-of-school rate for children one year younger than official entry age (administrative data),2014,14.82838,Male,,%,,,,Total
El Salvador,SV,SLV,222,Out-of-school rate for children one year younger than official entry age (administrative data),2014,13.67029,Total,,%,,,,Total
Equatorial Guinea,GQ,GNQ,226,Out-of-school rate for children one year younger than official entry age (administrative data),2015,55.0897,Female,,%,,,,Total
Equatorial Guinea,GQ,GNQ,226,Out-of-school rate for children one year younger than official entry age (administrative data),2015,56.92183,Male,,%,,,,Total
Equatorial Guinea,GQ,GNQ,226,Out-of-school rate for children one year younger than official entry age (administrative data),2015,56.01892,Total,,%,,,,Total
Eritrea,ER,ERI,232,Out-of-school rate for children one year younger than official entry age (administrative data),2018,73.46575,Female,,%,,,,Total
Eritrea,ER,ERI,232,Out-of-school rate for children one year younger than official entry age (administrative data),2018,73.08127,Male,,%,,,,Total
Eritrea,ER,ERI,232,Out-of-school rate for children one year younger than official entry age (administrative data),2018,73.2692,Total,,%,,,,Total
Estonia,EE,EST,233,Out-of-school rate for children one year younger than official entry age (administrative data),2017,6.72236,Female,,%,,,,Total
Estonia,EE,EST,233,Out-of-school rate for children one year younger than official entry age (administrative data),2017,6.9296,Male,,%,,,,Total
Estonia,EE,EST,233,Out-of-school rate for children one year younger than official entry age (administrative data),2017,6.82911,Total,,%,,,,Total
Ethiopia,ET,ETH,231,Out-of-school rate for children one year younger than official entry age (administrative data),2020,58.65965,Female,,%,,,,Total
Ethiopia,ET,ETH,231,Out-of-school rate for children one year younger than official entry age (administrative data),2020,55.4209,Male,,%,,,,Total
Ethiopia,ET,ETH,231,Out-of-school rate for children one year younger than official entry age (administrative data),2020,57.01888,Total,,%,,,,Total
Fiji,FJ,FJI,242,Out-of-school rate for children one year younger than official entry age (administrative data),2020,15.34471,Female,,%,,,,Total
Fiji,FJ,FJI,242,Out-of-school rate for children one year younger than official entry age (administrative data),2020,10.73192,Male,,%,,,,Total
Fiji,FJ,FJI,242,Out-of-school rate for children one year younger than official entry age (administrative data),2020,12.98139,Total,,%,,,,Total
Finland,FI,FIN,246,Out-of-school rate for children one year younger than official entry age (administrative data),2019,2.25263,Female,,%,,,,Total
Finland,FI,FIN,246,Out-of-school rate for children one year younger than official entry age (administrative data),2019,0.12337,Male,,%,,,,Total
Finland,FI,FIN,246,Out-of-school rate for children one year younger than official entry age (administrative data),2019,1.16343,Total,,%,,,,Total
France,FR,FRA,250,Out-of-school rate for children one year younger than official entry age (administrative data),2019,0.17218,Female,,%,,,,Total
France,FR,FRA,250,Out-of-school rate for children one year younger than official entry age (administrative data),2019,0,Male,,%,,,,Total
France,FR,FRA,250,Out-of-school rate for children one year younger than official entry age (administrative data),2019,0.0843,Total,,%,,,,Total
Gambia,GM,GMB,270,Out-of-school rate for children one year younger than official entry age (administrative data),2020,37.31008,Female,,%,,,,Total
Gambia,GM,GMB,270,Out-of-school rate for children one year younger than official entry age (administrative data),2020,42.18541,Male,,%,,,,Total
Gambia,GM,GMB,270,Out-of-school rate for children one year younger than official entry age (administrative data),2020,39.77212,Total,,%,,,,Total
Germany,DE,DEU,276,Out-of-school rate for children one year younger than official entry age (administrative data),2019,2.64816,Female,,%,,,,Total
Germany,DE,DEU,276,Out-of-school rate for children one year younger than official entry age (administrative data),2019,3.28345,Male,,%,,,,Total
Germany,DE,DEU,276,Out-of-school rate for children one year younger than official entry age (administrative data),2019,2.97508,Total,,%,,,,Total
Ghana,GH,GHA,288,Out-of-school rate for children one year younger than official entry age (administrative data),2020,5.82226,Female,,%,,,,Total
Ghana,GH,GHA,288,Out-of-school rate for children one year younger than official entry age (administrative data),2020,7.61218,Male,,%,,,,Total
Ghana,GH,GHA,288,Out-of-school rate for children one year younger than official entry age (administrative data),2020,6.73622,Total,,%,,,,Total
Greece,GR,GRC,300,Out-of-school rate for children one year younger than official entry age (administrative data),2019,2.57892,Female,,%,,,,Total
Greece,GR,GRC,300,Out-of-school rate for children one year younger than official entry age (administrative data),2019,4.04922,Male,,%,,,,Total
Greece,GR,GRC,300,Out-of-school rate for children one year younger than official entry age (administrative data),2019,3.33834,Total,,%,,,,Total
Grenada,GD,GRD,308,Out-of-school rate for children one year younger than official entry age (administrative data),2020,15.71268,Female,,%,,,,Total
Grenada,GD,GRD,308,Out-of-school rate for children one year younger than official entry age (administrative data),2020,14.76293,Male,,%,,,,Total
Grenada,GD,GRD,308,Out-of-school rate for children one year younger than official entry age (administrative data),2020,15.22815,Total,,%,,,,Total
Guatemala,GT,GTM,320,Out-of-school rate for children one year younger than official entry age (administrative data),2020,17.21316,Female,,%,,,,Total
Guatemala,GT,GTM,320,Out-of-school rate for children one year younger than official entry age (administrative data),2020,17.70292,Male,,%,,,,Total
Guatemala,GT,GTM,320,Out-of-school rate for children one year younger than official entry age (administrative data),2020,17.46337,Total,,%,,,,Total
Guinea,GN,GIN,324,Out-of-school rate for children one year younger than official entry age (administrative data),2020,54.52096,Female,,%,,,,Total
Guinea,GN,GIN,324,Out-of-school rate for children one year younger than official entry age (administrative data),2020,50.97633,Male,,%,,,,Total
Guinea,GN,GIN,324,Out-of-school rate for children one year younger than official entry age (administrative data),2020,52.73759,Total,,%,,,,Total
Holy See (Vatican City State),VA,VAT,336,Out-of-school rate for children one year younger than official entry age (administrative data),2022,0,Female,,%,,,,Total
Holy See (Vatican City State),VA,VAT,336,Out-of-school rate for children one year younger than official entry age (administrative data),2022,0,Male,,%,,,,Total
Holy See (Vatican City State),VA,VAT,336,Out-of-school rate for children one year younger than official entry age (administrative data),2022,0,Total,,%,,,,Total
Honduras,HN,HND,340,Out-of-school rate for children one year younger than official entry age (administrative data),2020,23.23781,Female,,%,,,,Total
Honduras,HN,HND,340,Out-of-school rate for children one year younger than official entry age (administrative data),2020,25.19501,Male,,%,,,,Total
Honduras,HN,HND,340,Out-of-school rate for children one year younger than official entry age (administrative data),2020,24.23824,Total,,%,,,,Total
Hungary,HU,HUN,348,Out-of-school rate for children one year younger than official entry age (administrative data),2019,8.18072,Female,,%,,,,Total
Hungary,HU,HUN,348,Out-of-school rate for children one year younger than official entry age (administrative data),2019,5.51958,Male,,%,,,,Total
Hungary,HU,HUN,348,Out-of-school rate for children one year younger than official entry age (administrative data),2019,6.81751,Total,,%,,,,Total
Iceland,IS,ISL,352,Out-of-school rate for children one year younger than official entry age (administrative data),2019,2.18848,Female,,%,,,,Total
Iceland,IS,ISL,352,Out-of-school rate for children one year younger than official entry age (administrative data),2019,7.69231,Male,,%,,,,Total
Iceland,IS,ISL,352,Out-of-school rate for children one year younger than official entry age (administrative data),2019,4.98572,Total,,%,,,,Total
India,IN,IND,356,Out-of-school rate for children one year younger than official entry age (administrative data),2020,14.31309,Female,,%,,,,Total
India,IN,IND,356,Out-of-school rate for children one year younger than official entry age (administrative data),2020,15.15824,Male,,%,,,,Total
India,IN,IND,356,Out-of-school rate for children one year younger than official entry age (administrative data),2020,14.75623,Total,,%,,,,Total
Indonesia,ID,IDN,360,Out-of-school rate for children one year younger than official entry age (administrative data),2018,0,Female,,%,,,,Total
Indonesia,ID,IDN,360,Out-of-school rate for children one year younger than official entry age (administrative data),2018,8.20514,Male,,%,,,,Total
Indonesia,ID,IDN,360,Out-of-school rate for children one year younger than official entry age (administrative data),2018,4.2018,Total,,%,,,,Total
"Iran, Islamic Republic of",IR,IRN,364,Out-of-school rate for children one year younger than official entry age (administrative data),2020,34.55625,Female,,%,,,,Total
"Iran, Islamic Republic of",IR,IRN,364,Out-of-school rate for children one year younger than official entry age (administrative data),2020,36.55311,Male,,%,,,,Total
"Iran, Islamic Republic of",IR,IRN,364,Out-of-school rate for children one year younger than official entry age (administrative data),2020,35.58523,Total,,%,,,,Total
Ireland,IE,IRL,372,Out-of-school rate for children one year younger than official entry age (administrative data),2019,0.28908,Female,,%,,,,Total
Ireland,IE,IRL,372,Out-of-school rate for children one year younger than official entry age (administrative data),2019,0,Male,,%,,,,Total
Ireland,IE,IRL,372,Out-of-school rate for children one year younger than official entry age (administrative data),2019,0.14127,Total,,%,,,,Total
Israel,IL,ISR,376,Out-of-school rate for children one year younger than official entry age (administrative data),2019,0,Female,,%,,,,Total
Israel,IL,ISR,376,Out-of-school rate for children one year younger than official entry age (administrative data),2019,0.46902,Male,,%,,,,Total
Israel,IL,ISR,376,Out-of-school rate for children one year younger than official entry age (administrative data),2019,0.24087,Total,,%,,,,Total
Italy,IT,ITA,380,Out-of-school rate for children one year younger than official entry age (administrative data),2019,8.93896,Female,,%,,,,Total
Italy,IT,ITA,380,Out-of-school rate for children one year younger than official entry age (administrative data),2019,8.01081,Male,,%,,,,Total
Italy,IT,ITA,380,Out-of-school rate for children one year younger than official entry age (administrative data),2019,8.46114,Total,,%,,,,Total
Jordan,JO,JOR,400,Out-of-school rate for children one year younger than official entry age (administrative data),2020,50.09033,Female,,%,,,,Total
Jordan,JO,JOR,400,Out-of-school rate for children one year younger than official entry age (administrative data),2020,50.62641,Male,,%,,,,Total
Jordan,JO,JOR,400,Out-of-school rate for children one year younger than official entry age (administrative data),2020,50.36386,Total,,%,,,,Total
Kazakhstan,KZ,KAZ,398,Out-of-school rate for children one year younger than official entry age (administrative data),2020,22.54046,Female,,%,,,,Total
Kazakhstan,KZ,KAZ,398,Out-of-school rate for children one year younger than official entry age (administrative data),2020,21.98864,Male,,%,,,,Total
Kazakhstan,KZ,KAZ,398,Out-of-school rate for children one year younger than official entry age (administrative data),2020,22.25684,Total,,%,,,,Total
Kiribati,KI,KIR,296,Out-of-school rate for children one year younger than official entry age (administrative data),2020,0,Female,,%,,,,Total
Kiribati,KI,KIR,296,Out-of-school rate for children one year younger than official entry age (administrative data),2020,4.43442,Male,,%,,,,Total
Kiribati,KI,KIR,296,Out-of-school rate for children one year younger than official entry age (administrative data),2020,2.32979,Total,,%,,,,Total
Kuwait,KW,KWT,414,Out-of-school rate for children one year younger than official entry age (administrative data),2020,27.90745,Female,,%,,,,Total
Kuwait,KW,KWT,414,Out-of-school rate for children one year younger than official entry age (administrative data),2020,33.17993,Male,,%,,,,Total
Kuwait,KW,KWT,414,Out-of-school rate for children one year younger than official entry age (administrative data),2020,30.6888,Total,,%,,,,Total
Kyrgyzstan,KG,KGZ,417,Out-of-school rate for children one year younger than official entry age (administrative data),2020,12.26486,Female,,%,,,,Total
Kyrgyzstan,KG,KGZ,417,Out-of-school rate for children one year younger than official entry age (administrative data),2020,13.51841,Male,,%,,,,Total
Kyrgyzstan,KG,KGZ,417,Out-of-school rate for children one year younger than official entry age (administrative data),2020,12.9072,Total,,%,,,,Total
Lao People's Democratic Republic,LA,LAO,418,Out-of-school rate for children one year younger than official entry age (administrative data),2020,29.0349,Female,,%,,,,Total
Lao People's Democratic Republic,LA,LAO,418,Out-of-school rate for children one year younger than official entry age (administrative data),2020,29.86975,Male,,%,,,,Total
Lao People's Democratic Republic,LA,LAO,418,Out-of-school rate for children one year younger than official entry age (administrative data),2020,29.46028,Total,,%,,,,Total
Latvia,LV,LVA,428,Out-of-school rate for children one year younger than official entry age (administrative data),2019,1.47598,Female,,%,,,,Total
Latvia,LV,LVA,428,Out-of-school rate for children one year younger than official entry age (administrative data),2019,2.91844,Male,,%,,,,Total
Latvia,LV,LVA,428,Out-of-school rate for children one year younger than official entry age (administrative data),2019,2.22602,Total,,%,,,,Total
Lesotho,LS,LSO,426,Out-of-school rate for children one year younger than official entry age (administrative data),2016,57.12182,Female,,%,,,,Total
Lesotho,LS,LSO,426,Out-of-school rate for children one year younger than official entry age (administrative data),2016,58.14369,Male,,%,,,,Total
Lesotho,LS,LSO,426,Out-of-school rate for children one year younger than official entry age (administrative data),2016,57.63227,Total,,%,,,,Total
Liberia,LR,LBR,430,Out-of-school rate for children one year younger than official entry age (administrative data),2017,21.26582,Female,,%,,,,Total
Liberia,LR,LBR,430,Out-of-school rate for children one year younger than official entry age (administrative data),2017,21.13905,Male,,%,,,,Total
Liberia,LR,LBR,430,Out-of-school rate for children one year younger than official entry age (administrative data),2017,21.20119,Total,,%,,,,Total
Liechtenstein,LI,LIE,438,Out-of-school rate for children one year younger than official entry age (administrative data),2019,6.04282,Female,,%,,,,Total
Liechtenstein,LI,LIE,438,Out-of-school rate for children one year younger than official entry age (administrative data),2019,0,Male,,%,,,,Total
Liechtenstein,LI,LIE,438,Out-of-school rate for children one year younger than official entry age (administrative data),2019,2.91496,Total,,%,,,,Total
Lithuania,LT,LTU,440,Out-of-school rate for children one year younger than official entry age (administrative data),2019,3.95393,Female,,%,,,,Total
Lithuania,LT,LTU,440,Out-of-school rate for children one year younger than official entry age (administrative data),2019,3.69624,Male,,%,,,,Total
Lithuania,LT,LTU,440,Out-of-school rate for children one year younger than official entry age (administrative data),2019,3.82225,Total,,%,,,,Total
Luxembourg,LU,LUX,442,Out-of-school rate for children one year younger than official entry age (administrative data),2019,0,Female,,%,,,,Total
Luxembourg,LU,LUX,442,Out-of-school rate for children one year younger than official entry age (administrative data),2019,0.44893,Male,,%,,,,Total
Luxembourg,LU,LUX,442,Out-of-school rate for children one year younger than official entry age (administrative data),2019,0.23038,Total,,%,,,,Total
Madagascar,MG,MDG,450,Out-of-school rate for children one year younger than official entry age (administrative data),2019,38.00537,Female,,%,,,,Total
Madagascar,MG,MDG,450,Out-of-school rate for children one year younger than official entry age (administrative data),2019,43.32683,Male,,%,,,,Total
Madagascar,MG,MDG,450,Out-of-school rate for children one year younger than official entry age (administrative data),2019,40.69515,Total,,%,,,,Total
Malaysia,MY,MYS,458,Out-of-school rate for children one year younger than official entry age (administrative data),2020,9.14593,Female,,%,,,,Total
Malaysia,MY,MYS,458,Out-of-school rate for children one year younger than official entry age (administrative data),2020,10.18394,Male,,%,,,,Total
Malaysia,MY,MYS,458,Out-of-school rate for children one year younger than official entry age (administrative data),2020,9.68066,Total,,%,,,,Total
Maldives,MV,MDV,462,Out-of-school rate for children one year younger than official entry age (administrative data),2019,5.3695,Female,,%,,,,Total
Maldives,MV,MDV,462,Out-of-school rate for children one year younger than official entry age (administrative data),2019,8.04083,Male,,%,,,,Total
Maldives,MV,MDV,462,Out-of-school rate for children one year younger than official entry age (administrative data),2019,6.77588,Total,,%,,,,Total
Mali,ML,MLI,466,Out-of-school rate for children one year younger than official entry age (administrative data),2018,56.88315,Female,,%,,,,Total
Mali,ML,MLI,466,Out-of-school rate for children one year younger than official entry age (administrative data),2018,53.49144,Male,,%,,,,Total
Mali,ML,MLI,466,Out-of-school rate for children one year younger than official entry age (administrative data),2018,55.15822,Total,,%,,,,Total
Malta,MT,MLT,470,Out-of-school rate for children one year younger than official entry age (administrative data),2019,5.23268,Female,,%,,,,Total
Malta,MT,MLT,470,Out-of-school rate for children one year younger than official entry age (administrative data),2019,0,Male,,%,,,,Total
Malta,MT,MLT,470,Out-of-school rate for children one year younger than official entry age (administrative data),2019,2.51836,Total,,%,,,,Total
Marshall Islands,MH,MHL,584,Out-of-school rate for children one year younger than official entry age (administrative data),2020,41.20172,Female,,%,,,,Total
Marshall Islands,MH,MHL,584,Out-of-school rate for children one year younger than official entry age (administrative data),2020,37.91209,Male,,%,,,,Total
Marshall Islands,MH,MHL,584,Out-of-school rate for children one year younger than official entry age (administrative data),2020,39.52348,Total,,%,,,,Total
Mauritius,MU,MUS,480,Out-of-school rate for children one year younger than official entry age (administrative data),2021,11.81775,Female,,%,,,,Total
Mauritius,MU,MUS,480,Out-of-school rate for children one year younger than official entry age (administrative data),2021,6.7154,Male,,%,,,,Total
Mauritius,MU,MUS,480,Out-of-school rate for children one year younger than official entry age (administrative data),2021,9.21788,Total,,%,,,,Total
Mexico,MX,MEX,484,Out-of-school rate for children one year younger than official entry age (administrative data),2019,0,Female,,%,,,,Total
Mexico,MX,MEX,484,Out-of-school rate for children one year younger than official entry age (administrative data),2019,1.85383,Male,,%,,,,Total
Mexico,MX,MEX,484,Out-of-school rate for children one year younger than official entry age (administrative data),2019,0.94794,Total,,%,,,,Total
"Micronesia, Federated States of",FM,FSM,583,Out-of-school rate for children one year younger than official entry age (administrative data),2019,34.43478,Female,,%,,,,Total
"Micronesia, Federated States of",FM,FSM,583,Out-of-school rate for children one year younger than official entry age (administrative data),2019,29.7054,Male,,%,,,,Total
"Micronesia, Federated States of",FM,FSM,583,Out-of-school rate for children one year younger than official entry age (administrative data),2019,31.99831,Total,,%,,,,Total
Mongolia,MN,MNG,496,Out-of-school rate for children one year younger than official entry age (administrative data),2019,4.90139,Female,,%,,,,Total
Mongolia,MN,MNG,496,Out-of-school rate for children one year younger than official entry age (administrative data),2019,2.89549,Male,,%,,,,Total
Mongolia,MN,MNG,496,Out-of-school rate for children one year younger than official entry age (administrative data),2019,3.88604,Total,,%,,,,Total
Montenegro,ME,MNE,499,Out-of-school rate for children one year younger than official entry age (administrative data),2020,17.11276,Female,,%,,,,Total
Montenegro,ME,MNE,499,Out-of-school rate for children one year younger than official entry age (administrative data),2020,15.38665,Male,,%,,,,Total
Montenegro,ME,MNE,499,Out-of-school rate for children one year younger than official entry age (administrative data),2020,16.21696,Total,,%,,,,Total
Montserrat,MS,MSR,500,Out-of-school rate for children one year younger than official entry age (administrative data),2019,0,Female,,%,,,,Total
Montserrat,MS,MSR,500,Out-of-school rate for children one year younger than official entry age (administrative data),2019,19.35484,Male,,%,,,,Total
Montserrat,MS,MSR,500,Out-of-school rate for children one year younger than official entry age (administrative data),2019,10.16949,Total,,%,,,,Total
Morocco,MA,MAR,504,Out-of-school rate for children one year younger than official entry age (administrative data),2020,30.13043,Female,,%,,,,Total
Morocco,MA,MAR,504,Out-of-school rate for children one year younger than official entry age (administrative data),2020,24.14093,Male,,%,,,,Total
Morocco,MA,MAR,504,Out-of-school rate for children one year younger than official entry age (administrative data),2020,27.05944,Total,,%,,,,Total
Burma,MM,MMR,104,Out-of-school rate for children one year younger than official entry age (administrative data),2018,88.18994,Female,,%,,,,Total
Burma,MM,MMR,104,Out-of-school rate for children one year younger than official entry age (administrative data),2018,88.27186,Male,,%,,,,Total
Burma,MM,MMR,104,Out-of-school rate for children one year younger than official entry age (administrative data),2018,88.23121,Total,,%,,,,Total
Namibia,,NAM,516,Out-of-school rate for children one year younger than official entry age (administrative data),2018,29.60842,Female,,%,,,,Total
Namibia,,NAM,516,Out-of-school rate for children one year younger than official entry age (administrative data),2018,32.64059,Male,,%,,,,Total
Namibia,,NAM,516,Out-of-school rate for children one year younger than official entry age (administrative data),2018,31.12412,Total,,%,,,,Total
Nauru,NR,NRU,520,Out-of-school rate for children one year younger than official entry age (administrative data),2020,0,Female,,%,,,,Total
Nauru,NR,NRU,520,Out-of-school rate for children one year younger than official entry age (administrative data),2020,7.98089,Male,,%,,,,Total
Nauru,NR,NRU,520,Out-of-school rate for children one year younger than official entry age (administrative data),2020,4.01979,Total,,%,,,,Total
Nepal,NP,NPL,524,Out-of-school rate for children one year younger than official entry age (administrative data),2020,15.03393,Female,,%,,,,Total
Nepal,NP,NPL,524,Out-of-school rate for children one year younger than official entry age (administrative data),2020,6.17936,Male,,%,,,,Total
Nepal,NP,NPL,524,Out-of-school rate for children one year younger than official entry age (administrative data),2020,10.56279,Total,,%,,,,Total
Netherlands,NL,NLD,528,Out-of-school rate for children one year younger than official entry age (administrative data),2019,2.30908,Female,,%,,,,Total
Netherlands,NL,NLD,528,Out-of-school rate for children one year younger than official entry age (administrative data),2019,2.69321,Male,,%,,,,Total
Netherlands,NL,NLD,528,Out-of-school rate for children one year younger than official entry age (administrative data),2019,2.50628,Total,,%,,,,Total
New Zealand,NZ,NZL,554,Out-of-school rate for children one year younger than official entry age (administrative data),2019,9.24339,Female,,%,,,,Total
New Zealand,NZ,NZL,554,Out-of-school rate for children one year younger than official entry age (administrative data),2019,7.82338,Male,,%,,,,Total
New Zealand,NZ,NZL,554,Out-of-school rate for children one year younger than official entry age (administrative data),2019,8.51693,Total,,%,,,,Total
Niger,NE,NER,562,Out-of-school rate for children one year younger than official entry age (administrative data),2019,76.04569,Female,,%,,,,Total
Niger,NE,NER,562,Out-of-school rate for children one year younger than official entry age (administrative data),2019,76.30657,Male,,%,,,,Total
Niger,NE,NER,562,Out-of-school rate for children one year younger than official entry age (administrative data),2019,76.17835,Total,,%,,,,Total
Niue,NU,NIU,570,Out-of-school rate for children one year younger than official entry age (administrative data),2020,38.09524,Female,,%,,,,Total
Niue,NU,NIU,570,Out-of-school rate for children one year younger than official entry age (administrative data),2020,0,Male,,%,,,,Total
Niue,NU,NIU,570,Out-of-school rate for children one year younger than official entry age (administrative data),2020,19.75309,Total,,%,,,,Total
"Macedonia, the former Yugoslav Republic of",MK,MKD,807,Out-of-school rate for children one year younger than official entry age (administrative data),2018,51.14197,Female,,%,,,,Total
"Macedonia, the former Yugoslav Republic of",MK,MKD,807,Out-of-school rate for children one year younger than official entry age (administrative data),2018,51.46834,Male,,%,,,,Total
"Macedonia, the former Yugoslav Republic of",MK,MKD,807,Out-of-school rate for children one year younger than official entry age (administrative data),2018,51.31116,Total,,%,,,,Total
Norway,NO,NOR,578,Out-of-school rate for children one year younger than official entry age (administrative data),2019,4.3274,Female,,%,,,,Total
Norway,NO,NOR,578,Out-of-school rate for children one year younger than official entry age (administrative data),2019,4.48952,Male,,%,,,,Total
Norway,NO,NOR,578,Out-of-school rate for children one year younger than official entry age (administrative data),2019,4.41064,Total,,%,,,,Total
Oman,OM,OMN,512,Out-of-school rate for children one year younger than official entry age (administrative data),2020,14.00951,Female,,%,,,,Total
Oman,OM,OMN,512,Out-of-school rate for children one year younger than official entry age (administrative data),2020,13.44289,Male,,%,,,,Total
Oman,OM,OMN,512,Out-of-school rate for children one year younger than official entry age (administrative data),2020,13.72328,Total,,%,,,,Total
Pakistan,PK,PAK,586,Out-of-school rate for children one year younger than official entry age (administrative data),2019,11.90822,Female,,%,,,,Total
Pakistan,PK,PAK,586,Out-of-school rate for children one year younger than official entry age (administrative data),2019,0,Male,,%,,,,Total
Pakistan,PK,PAK,586,Out-of-school rate for children one year younger than official entry age (administrative data),2019,5.72822,Total,,%,,,,Total
Palau,PW,PLW,585,Out-of-school rate for children one year younger than official entry age (administrative data),2020,0,Female,,%,,,,Total
Palau,PW,PLW,585,Out-of-school rate for children one year younger than official entry age (administrative data),2020,20.01357,Male,,%,,,,Total
Palau,PW,PLW,585,Out-of-school rate for children one year younger than official entry age (administrative data),2020,10.68453,Total,,%,,,,Total
Panama,PA,PAN,591,Out-of-school rate for children one year younger than official entry age (administrative data),2020,88.32124,Female,,%,,,,Total
Panama,PA,PAN,591,Out-of-school rate for children one year younger than official entry age (administrative data),2020,88.18157,Male,,%,,,,Total
Panama,PA,PAN,591,Out-of-school rate for children one year younger than official entry age (administrative data),2020,88.24989,Total,,%,,,,Total
Papua New Guinea,PG,PNG,598,Out-of-school rate for children one year younger than official entry age (administrative data),2018,28.79413,Female,,%,,,,Total
Papua New Guinea,PG,PNG,598,Out-of-school rate for children one year younger than official entry age (administrative data),2018,28.44062,Male,,%,,,,Total
Papua New Guinea,PG,PNG,598,Out-of-school rate for children one year younger than official entry age (administrative data),2018,28.61148,Total,,%,,,,Total
Paraguay,PY,PRY,600,Out-of-school rate for children one year younger than official entry age (administrative data),2020,22.52753,Female,,%,,,,Total
Paraguay,PY,PRY,600,Out-of-school rate for children one year younger than official entry age (administrative data),2020,22.65654,Male,,%,,,,Total
Paraguay,PY,PRY,600,Out-of-school rate for children one year younger than official entry age (administrative data),2020,22.59347,Total,,%,,,,Total
Peru,PE,PER,604,Out-of-school rate for children one year younger than official entry age (administrative data),2020,0.58231,Female,,%,,,,Total
Peru,PE,PER,604,Out-of-school rate for children one year younger than official entry age (administrative data),2020,0,Male,,%,,,,Total
Peru,PE,PER,604,Out-of-school rate for children one year younger than official entry age (administrative data),2020,0.28776,Total,,%,,,,Total
Philippines,PH,PHL,608,Out-of-school rate for children one year younger than official entry age (administrative data),2020,33.0749,Female,,%,,,,Total
Philippines,PH,PHL,608,Out-of-school rate for children one year younger than official entry age (administrative data),2020,35.62641,Male,,%,,,,Total
Philippines,PH,PHL,608,Out-of-school rate for children one year younger than official entry age (administrative data),2020,34.3854,Total,,%,,,,Total
Poland,PL,POL,616,Out-of-school rate for children one year younger than official entry age (administrative data),2019,1.51013,Female,,%,,,,Total
Poland,PL,POL,616,Out-of-school rate for children one year younger than official entry age (administrative data),2019,0.81058,Male,,%,,,,Total
Poland,PL,POL,616,Out-of-school rate for children one year younger than official entry age (administrative data),2019,1.15138,Total,,%,,,,Total
Portugal,PT,PRT,620,Out-of-school rate for children one year younger than official entry age (administrative data),2019,6.35548,Female,,%,,,,Total
Portugal,PT,PRT,620,Out-of-school rate for children one year younger than official entry age (administrative data),2019,7.90544,Male,,%,,,,Total
Portugal,PT,PRT,620,Out-of-school rate for children one year younger than official entry age (administrative data),2019,7.15195,Total,,%,,,,Total
Qatar,QA,QAT,634,Out-of-school rate for children one year younger than official entry age (administrative data),2020,4.59457,Female,,%,,,,Total
Qatar,QA,QAT,634,Out-of-school rate for children one year younger than official entry age (administrative data),2020,5.57777,Male,,%,,,,Total
Qatar,QA,QAT,634,Out-of-school rate for children one year younger than official entry age (administrative data),2020,5.10006,Total,,%,,,,Total
South Korea,KR,KOR,410,Out-of-school rate for children one year younger than official entry age (administrative data),2019,10.41707,Female,,%,,,,Total
South Korea,KR,KOR,410,Out-of-school rate for children one year younger than official entry age (administrative data),2019,10.88626,Male,,%,,,,Total
South Korea,KR,KOR,410,Out-of-school rate for children one year younger than official entry age (administrative data),2019,10.65783,Total,,%,,,,Total
"Moldova, Republic of",MD,MDA,498,Out-of-school rate for children one year younger than official entry age (administrative data),2020,0.66221,Female,,%,,,,Total
"Moldova, Republic of",MD,MDA,498,Out-of-school rate for children one year younger than official entry age (administrative data),2020,0,Male,,%,,,,Total
"Moldova, Republic of",MD,MDA,498,Out-of-school rate for children one year younger than official entry age (administrative data),2020,0.32412,Total,,%,,,,Total
Romania,RO,ROU,642,Out-of-school rate for children one year younger than official entry age (administrative data),2019,16.03992,Female,,%,,,,Total
Romania,RO,ROU,642,Out-of-school rate for children one year younger than official entry age (administrative data),2019,14.9894,Male,,%,,,,Total
Romania,RO,ROU,642,Out-of-school rate for children one year younger than official entry age (administrative data),2019,15.49982,Total,,%,,,,Total
Russia,RU,RUS,643,Out-of-school rate for children one year younger than official entry age (administrative data),2019,7.3434,Female,,%,,,,Total
Russia,RU,RUS,643,Out-of-school rate for children one year younger than official entry age (administrative data),2019,6.74453,Male,,%,,,,Total
Russia,RU,RUS,643,Out-of-school rate for children one year younger than official entry age (administrative data),2019,7.03605,Total,,%,,,,Total
Rwanda,RW,RWA,646,Out-of-school rate for children one year younger than official entry age (administrative data),2019,46.80111,Female,,%,,,,Total
Rwanda,RW,RWA,646,Out-of-school rate for children one year younger than official entry age (administrative data),2019,47.73706,Male,,%,,,,Total
Rwanda,RW,RWA,646,Out-of-school rate for children one year younger than official entry age (administrative data),2019,47.27094,Total,,%,,,,Total
Saint Kitts and Nevis,KN,KNA,659,Out-of-school rate for children one year younger than official entry age (administrative data),2016,21.17439,Female,,%,,,,Total
Saint Kitts and Nevis,KN,KNA,659,Out-of-school rate for children one year younger than official entry age (administrative data),2016,0,Male,,%,,,,Total
Saint Kitts and Nevis,KN,KNA,659,Out-of-school rate for children one year younger than official entry age (administrative data),2016,10.66228,Total,,%,,,,Total
Saint Lucia,LC,LCA,662,Out-of-school rate for children one year younger than official entry age (administrative data),2020,0,Female,,%,,,,Total
Saint Lucia,LC,LCA,662,Out-of-school rate for children one year younger than official entry age (administrative data),2020,1.88085,Male,,%,,,,Total
Saint Lucia,LC,LCA,662,Out-of-school rate for children one year younger than official entry age (administrative data),2020,0.95137,Total,,%,,,,Total
Saint Vincent and the Grenadines,VC,VCT,670,Out-of-school rate for children one year younger than official entry age (administrative data),2018,41.69697,Female,,%,,,,Total
Saint Vincent and the Grenadines,VC,VCT,670,Out-of-school rate for children one year younger than official entry age (administrative data),2018,1.0989,Male,,%,,,,Total
Saint Vincent and the Grenadines,VC,VCT,670,Out-of-school rate for children one year younger than official entry age (administrative data),2018,21.47202,Total,,%,,,,Total
Samoa,WS,WSM,882,Out-of-school rate for children one year younger than official entry age (administrative data),2019,64.68432,Female,,%,,,,Total
Samoa,WS,WSM,882,Out-of-school rate for children one year younger than official entry age (administrative data),2019,65.19107,Male,,%,,,,Total
Samoa,WS,WSM,882,Out-of-school rate for children one year younger than official entry age (administrative data),2019,64.94704,Total,,%,,,,Total
San Marino,SM,SMR,674,Out-of-school rate for children one year younger than official entry age (administrative data),2020,0,Female,,%,,,,Total
San Marino,SM,SMR,674,Out-of-school rate for children one year younger than official entry age (administrative data),2020,15.54393,Male,,%,,,,Total
San Marino,SM,SMR,674,Out-of-school rate for children one year younger than official entry age (administrative data),2020,8.03813,Total,,%,,,,Total
Sao Tome and Principe,ST,STP,678,Out-of-school rate for children one year younger than official entry age (administrative data),2015,46.28378,Female,,%,,,,Total
Sao Tome and Principe,ST,STP,678,Out-of-school rate for children one year younger than official entry age (administrative data),2015,48.92562,Male,,%,,,,Total
Sao Tome and Principe,ST,STP,678,Out-of-school rate for children one year younger than official entry age (administrative data),2015,47.61905,Total,,%,,,,Total
Saudi Arabia,SA,SAU,682,Out-of-school rate for children one year younger than official entry age (administrative data),2020,45.36404,Female,,%,,,,Total
Saudi Arabia,SA,SAU,682,Out-of-school rate for children one year younger than official entry age (administrative data),2020,48.55511,Male,,%,,,,Total
Saudi Arabia,SA,SAU,682,Out-of-school rate for children one year younger than official entry age (administrative data),2020,46.98568,Total,,%,,,,Total
Senegal,SN,SEN,686,Out-of-school rate for children one year younger than official entry age (administrative data),2020,83.14031,Female,,%,,,,Total
Senegal,SN,SEN,686,Out-of-school rate for children one year younger than official entry age (administrative data),2020,84.97112,Male,,%,,,,Total
Senegal,SN,SEN,686,Out-of-school rate for children one year younger than official entry age (administrative data),2020,84.06825,Total,,%,,,,Total
Serbia,RS,SRB,688,Out-of-school rate for children one year younger than official entry age (administrative data),2020,7.08009,Female,,%,,,,Total
Serbia,RS,SRB,688,Out-of-school rate for children one year younger than official entry age (administrative data),2020,7.50015,Male,,%,,,,Total
Serbia,RS,SRB,688,Out-of-school rate for children one year younger than official entry age (administrative data),2020,7.29589,Total,,%,,,,Total
Seychelles,SC,SYC,690,Out-of-school rate for children one year younger than official entry age (administrative data),2020,2.42967,Female,,%,,,,Total
Seychelles,SC,SYC,690,Out-of-school rate for children one year younger than official entry age (administrative data),2020,3.61882,Male,,%,,,,Total
Seychelles,SC,SYC,690,Out-of-school rate for children one year younger than official entry age (administrative data),2020,3.04159,Total,,%,,,,Total
Sierra Leone,SL,SLE,694,Out-of-school rate for children one year younger than official entry age (administrative data),2018,57.08712,Female,,%,,,,Total
Sierra Leone,SL,SLE,694,Out-of-school rate for children one year younger than official entry age (administrative data),2018,59.56746,Male,,%,,,,Total
Sierra Leone,SL,SLE,694,Out-of-school rate for children one year younger than official entry age (administrative data),2018,58.32794,Total,,%,,,,Total
Singapore,SG,SGP,702,Out-of-school rate for children one year younger than official entry age (administrative data),2019,2.94046,Total,,%,,,,Total
Slovakia,SK,SVK,703,Out-of-school rate for children one year younger than official entry age (administrative data),2019,15.32072,Female,,%,,,,Total
Slovakia,SK,SVK,703,Out-of-school rate for children one year younger than official entry age (administrative data),2019,14.87958,Male,,%,,,,Total
Slovakia,SK,SVK,703,Out-of-school rate for children one year younger than official entry age (administrative data),2019,15.09514,Total,,%,,,,Total
Slovenia,SI,SVN,705,Out-of-school rate for children one year younger than official entry age (administrative data),2019,8.03077,Female,,%,,,,Total
Slovenia,SI,SVN,705,Out-of-school rate for children one year younger than official entry age (administrative data),2019,8.78576,Male,,%,,,,Total
Slovenia,SI,SVN,705,Out-of-school rate for children one year younger than official entry age (administrative data),2019,8.41913,Total,,%,,,,Total
Solomon Islands,SB,SLB,90,Out-of-school rate for children one year younger than official entry age (administrative data),2019,32.97907,Female,,%,,,,Total
Solomon Islands,SB,SLB,90,Out-of-school rate for children one year younger than official entry age (administrative data),2019,35.65743,Male,,%,,,,Total
Solomon Islands,SB,SLB,90,Out-of-school rate for children one year younger than official entry age (administrative data),2019,34.36071,Total,,%,,,,Total
South Africa,ZA,ZAF,710,Out-of-school rate for children one year younger than official entry age (administrative data),2019,27.1082,Female,,%,,,,Total
South Africa,ZA,ZAF,710,Out-of-school rate for children one year younger than official entry age (administrative data),2019,28.91578,Male,,%,,,,Total
South Africa,ZA,ZAF,710,Out-of-school rate for children one year younger than official entry age (administrative data),2019,28.02256,Total,,%,,,,Total
South Sudan,SS,SSD,728,Out-of-school rate for children one year younger than official entry age (administrative data),2015,81.12853,Female,,%,,,,Total
South Sudan,SS,SSD,728,Out-of-school rate for children one year younger than official entry age (administrative data),2015,77.82139,Male,,%,,,,Total
South Sudan,SS,SSD,728,Out-of-school rate for children one year younger than official entry age (administrative data),2015,79.45424,Total,,%,,,,Total
Spain,ES,ESP,724,Out-of-school rate for children one year younger than official entry age (administrative data),2019,4.8964,Female,,%,,,,Total
Spain,ES,ESP,724,Out-of-school rate for children one year younger than official entry age (administrative data),2019,5.35752,Male,,%,,,,Total
Spain,ES,ESP,724,Out-of-school rate for children one year younger than official entry age (administrative data),2019,5.13398,Total,,%,,,,Total
"Palestinian Territory, Occupied",PS,PSE,275,Out-of-school rate for children one year younger than official entry age (administrative data),2020,30.44204,Female,,%,,,,Total
"Palestinian Territory, Occupied",PS,PSE,275,Out-of-school rate for children one year younger than official entry age (administrative data),2020,32.6868,Male,,%,,,,Total
"Palestinian Territory, Occupied",PS,PSE,275,Out-of-school rate for children one year younger than official entry age (administrative data),2020,31.58975,Total,,%,,,,Total
Sudan,SD,SDN,736,Out-of-school rate for children one year younger than official entry age (administrative data),2018,59.95146,Female,,%,,,,Total
Sudan,SD,SDN,736,Out-of-school rate for children one year younger than official entry age (administrative data),2018,60.19283,Male,,%,,,,Total
Sudan,SD,SDN,736,Out-of-school rate for children one year younger than official entry age (administrative data),2018,60.07387,Total,,%,,,,Total
Suriname,SR,SUR,740,Out-of-school rate for children one year younger than official entry age (administrative data),2020,5.82353,Female,,%,,,,Total
Suriname,SR,SUR,740,Out-of-school rate for children one year younger than official entry age (administrative data),2020,9.83397,Male,,%,,,,Total
Suriname,SR,SUR,740,Out-of-school rate for children one year younger than official entry age (administrative data),2020,7.90095,Total,,%,,,,Total
Sweden,SE,SWE,752,Out-of-school rate for children one year younger than official entry age (administrative data),2019,0,Female,,%,,,,Total
Sweden,SE,SWE,752,Out-of-school rate for children one year younger than official entry age (administrative data),2019,0.12937,Male,,%,,,,Total
Sweden,SE,SWE,752,Out-of-school rate for children one year younger than official entry age (administrative data),2019,0.06645,Total,,%,,,,Total
Switzerland,CH,CHE,756,Out-of-school rate for children one year younger than official entry age (administrative data),2019,0.73651,Female,,%,,,,Total
Switzerland,CH,CHE,756,Out-of-school rate for children one year younger than official entry age (administrative data),2019,0,Male,,%,,,,Total
Switzerland,CH,CHE,756,Out-of-school rate for children one year younger than official entry age (administrative data),2019,0.35818,Total,,%,,,,Total
Tajikistan,TJ,TJK,762,Out-of-school rate for children one year younger than official entry age (administrative data),2017,88.42873,Female,,%,,,,Total
Tajikistan,TJ,TJK,762,Out-of-school rate for children one year younger than official entry age (administrative data),2017,86.62485,Male,,%,,,,Total
Tajikistan,TJ,TJK,762,Out-of-school rate for children one year younger than official entry age (administrative data),2017,87.50123,Total,,%,,,,Total
Thailand,TH,THA,764,Out-of-school rate for children one year younger than official entry age (administrative data),2020,0.2465,Female,,%,,,,Total
Thailand,TH,THA,764,Out-of-school rate for children one year younger than official entry age (administrative data),2020,0.30205,Male,,%,,,,Total
Thailand,TH,THA,764,Out-of-school rate for children one year younger than official entry age (administrative data),2020,0.27505,Total,,%,,,,Total
Timor-Leste,TL,TLS,626,Out-of-school rate for children one year younger than official entry age (administrative data),2019,48.24556,Female,,%,,,,Total
Timor-Leste,TL,TLS,626,Out-of-school rate for children one year younger than official entry age (administrative data),2019,51.3319,Male,,%,,,,Total
Timor-Leste,TL,TLS,626,Out-of-school rate for children one year younger than official entry age (administrative data),2019,49.81826,Total,,%,,,,Total
Togo,TG,TGO,768,Out-of-school rate for children one year younger than official entry age (administrative data),2020,0,Female,,%,,,,Total
Togo,TG,TGO,768,Out-of-school rate for children one year younger than official entry age (administrative data),2020,1.14506,Male,,%,,,,Total
Togo,TG,TGO,768,Out-of-school rate for children one year younger than official entry age (administrative data),2020,0.57409,Total,,%,,,,Total
Tokelau,TK,TKL,772,Out-of-school rate for children one year younger than official entry age (administrative data),2020,6.25,Female,,%,,,,Total
Tokelau,TK,TKL,772,Out-of-school rate for children one year younger than official entry age (administrative data),2020,0,Male,,%,,,,Total
Tokelau,TK,TKL,772,Out-of-school rate for children one year younger than official entry age (administrative data),2020,3.125,Total,,%,,,,Total
Tonga,TO,TON,776,Out-of-school rate for children one year younger than official entry age (administrative data),2020,11.08542,Female,,%,,,,Total
Tonga,TO,TON,776,Out-of-school rate for children one year younger than official entry age (administrative data),2020,0,Male,,%,,,,Total
Tonga,TO,TON,776,Out-of-school rate for children one year younger than official entry age (administrative data),2020,5.4136,Total,,%,,,,Total
Trinidad and Tobago,TT,TTO,780,Out-of-school rate for children one year younger than official entry age (administrative data),2020,20.23771,Female,,%,,,,Total
Trinidad and Tobago,TT,TTO,780,Out-of-school rate for children one year younger than official entry age (administrative data),2020,20.75491,Male,,%,,,,Total
Trinidad and Tobago,TT,TTO,780,Out-of-school rate for children one year younger than official entry age (administrative data),2020,20.50056,Total,,%,,,,Total
Turks and Caicos Islands,TC,TCA,796,Out-of-school rate for children one year younger than official entry age (administrative data),2020,0,Female,,%,,,,Total
Turks and Caicos Islands,TC,TCA,796,Out-of-school rate for children one year younger than official entry age (administrative data),2020,8.16414,Male,,%,,,,Total
Turks and Caicos Islands,TC,TCA,796,Out-of-school rate for children one year younger than official entry age (administrative data),2020,4.18043,Total,,%,,,,Total
Tuvalu,TV,TUV,798,Out-of-school rate for children one year younger than official entry age (administrative data),2019,0,Female,,%,,,,Total
Tuvalu,TV,TUV,798,Out-of-school rate for children one year younger than official entry age (administrative data),2019,9.77608,Male,,%,,,,Total
Tuvalu,TV,TUV,798,Out-of-school rate for children one year younger than official entry age (administrative data),2019,5.01524,Total,,%,,,,Total
Turkey,TR,TUR,792,Out-of-school rate for children one year younger than official entry age (administrative data),2019,25.25993,Female,,%,,,,Total
Turkey,TR,TUR,792,Out-of-school rate for children one year younger than official entry age (administrative data),2019,22.98217,Male,,%,,,,Total
Turkey,TR,TUR,792,Out-of-school rate for children one year younger than official entry age (administrative data),2019,24.09488,Total,,%,,,,Total
United Arab Emirates,AE,ARE,784,Out-of-school rate for children one year younger than official entry age (administrative data),2020,0.27041,Female,,%,,,,Total
United Arab Emirates,AE,ARE,784,Out-of-school rate for children one year younger than official entry age (administrative data),2020,0.25344,Male,,%,,,,Total
United Arab Emirates,AE,ARE,784,Out-of-school rate for children one year younger than official entry age (administrative data),2020,0.26178,Total,,%,,,,Total
United Kingdom,GB,GBR,826,Out-of-school rate for children one year younger than official entry age (administrative data),2019,0,Female,,%,,,,Total
United Kingdom,GB,GBR,826,Out-of-school rate for children one year younger than official entry age (administrative data),2019,0.00471,Male,,%,,,,Total
United Kingdom,GB,GBR,826,Out-of-school rate for children one year younger than official entry age (administrative data),2019,0.00241,Total,,%,,,,Total
"Tanzania, United Republic of",TZ,TZA,834,Out-of-school rate for children one year younger than official entry age (administrative data),2020,41.8134,Female,,%,,,,Total
"Tanzania, United Republic of",TZ,TZA,834,Out-of-school rate for children one year younger than official entry age (administrative data),2020,45.49498,Male,,%,,,,Total
"Tanzania, United Republic of",TZ,TZA,834,Out-of-school rate for children one year younger than official entry age (administrative data),2020,43.67543,Total,,%,,,,Total
United States,US,USA,840,Out-of-school rate for children one year younger than official entry age (administrative data),2019,10.04913,Female,,%,,,,Total
United States,US,USA,840,Out-of-school rate for children one year younger than official entry age (administrative data),2019,10.37724,Male,,%,,,,Total
United States,US,USA,840,Out-of-school rate for children one year younger than official entry age (administrative data),2019,10.2168,Total,,%,,,,Total
Uruguay,UY,URY,858,Out-of-school rate for children one year younger than official entry age (administrative data),2019,0,Female,,%,,,,Total
Uruguay,UY,URY,858,Out-of-school rate for children one year younger than official entry age (administrative data),2019,8.69647,Male,,%,,,,Total
Uruguay,UY,URY,858,Out-of-school rate for children one year younger than official entry age (administrative data),2019,4.43716,Total,,%,,,,Total
Uzbekistan,UZ,UZB,860,Out-of-school rate for children one year younger than official entry age (administrative data),2020,37.68867,Female,,%,,,,Total
Uzbekistan,UZ,UZB,860,Out-of-school rate for children one year younger than official entry age (administrative data),2020,36.65945,Male,,%,,,,Total
Uzbekistan,UZ,UZB,860,Out-of-school rate for children one year younger than official entry age (administrative data),2020,37.16061,Total,,%,,,,Total
Vanuatu,VU,VUT,548,Out-of-school rate for children one year younger than official entry age (administrative data),2020,0,Female,,%,,,,Total
Vanuatu,VU,VUT,548,Out-of-school rate for children one year younger than official entry age (administrative data),2020,3.81594,Male,,%,,,,Total
Vanuatu,VU,VUT,548,Out-of-school rate for children one year younger than official entry age (administrative data),2020,1.97294,Total,,%,,,,Total
"Venezuela, Bolivarian Republic of",VE,VEN,862,Out-of-school rate for children one year younger than official entry age (administrative data),2017,14.33032,Female,,%,,,,Total
"Venezuela, Bolivarian Republic of",VE,VEN,862,Out-of-school rate for children one year younger than official entry age (administrative data),2017,14.08449,Male,,%,,,,Total
"Venezuela, Bolivarian Republic of",VE,VEN,862,Out-of-school rate for children one year younger than official entry age (administrative data),2017,14.20466,Total,,%,,,,Total
Viet Nam,VN,VNM,704,Out-of-school rate for children one year younger than official entry age (administrative data),2018,0.1987,Female,,%,,,,Total
Viet Nam,VN,VNM,704,Out-of-school rate for children one year younger than official entry age (administrative data),2018,0,Male,,%,,,,Total
Viet Nam,VN,VNM,704,Out-of-school rate for children one year younger than official entry age (administrative data),2018,0.09368,Total,,%,,,,Total
Yemen,YE,YEM,887,Out-of-school rate for children one year younger than official entry age (administrative data),2016,96.08398,Female,,%,,,,Total
Yemen,YE,YEM,887,Out-of-school rate for children one year younger than official entry age (administrative data),2016,95.66791,Male,,%,,,,Total
Yemen,YE,YEM,887,Out-of-school rate for children one year younger than official entry age (administrative data),2016,95.87177,Total,,%,,,,Total
